{"cameraMode":{"drawMode":0,"name":"Shaded","section":"Shading Mode"},"sceneLighting":true,"audioPlay":false,"sceneViewState":{"m_AlwaysRefresh":false,"showFog":true,"showSkybox":true,"showFlares":true,"showImageEffects":true,"showParticleSystems":true,"showVisualEffectGraphs":true,"m_FxEnabled":true},"in2DMode":false,"pivot":{"x":350.39764404296877,"y":144.5301513671875,"z":-22.736778259277345},"rotation":{"x":-0.2190064638853073,"y":0.010828448459506035,"z":-0.0024304285179823639,"w":-0.9756611585617065},"size":383.9317626953125,"orthographic":false}